{
  "Battle Royale Great Plateau": {
    "x": 0,
    "y": 0,
    "z": 0
  },
  "To Quomo Shrine": {
    "x": -4013.94556,
    "y": 288.104248,
    "z": -3712.16968
  },
  "Hia Miu Shrine": {
    "x": -4439.59082,
    "y": 329.866577,
    "z": -3797.33472
  },
  "Maka Rah Shrine": {
    "x": -4066.98218,
    "y": 94.903717,
    "z": -2507.36523
  },
  "Voo Lota Shrine": {
    "x": -4008.64917,
    "y": 275.215393,
    "z": -1727.18665
  },
  "Kah Okeo Shrine": {
    "x": -4129.4751,
    "y": 184.301117,
    "z": -412.806915
  },
  "Kema Kosassa Shrine": {
    "x": -4649.36768,
    "y": 619.505554,
    "z": 906.038574
  },
  "Kema Zoos Shrine": {
    "x": -4673.52979,
    "y": 132.132996,
    "z": 1976.98535
  },
  "Tho Kayu Shrine": {
    "x": -4790.04785,
    "y": 135.140259,
    "z": 2798.78687
  },
  "Hawa Koth Shrine": {
    "x": -4850.69434,
    "y": 123.756027,
    "z": 3781.06616
  },
  "Mozo Shenno Shrine": {
    "x": -3618.51929,
    "y": 420.836121,
    "z": -3038.53833
  },
  "Sha Warvo Shrine": {
    "x": -3815.32642,
    "y": 265.133392,
    "z": -2211.30029
  },
  "Akh Va'quot Shrine": {
    "x": -3655.24609,
    "y": 321.757812,
    "z": -1765.85779
  },
  "Bareeda Naag Shrine": {
    "x": -3607.28467,
    "y": 246.750397,
    "z": -1524.3938
  },
  "Divine Beast Vah Medoh": {
    "x": -3622.0376,
    "y": 515.639893,
    "z": -1797.22644
  },
  "Tena Ko'sah Shrine": {
    "x": -3473.58447,
    "y": 384.505432,
    "z": -443.636627
  },
  "Tabantha Tower": {
    "x": -3613.74829,
    "y": 445.057465,
    "z": -981.164734
  },
  "Keeha Yoog Shrine": {
    "x": -3844.75952,
    "y": 640.312988,
    "z": 713.555115
  },
  "Gerudo Tower": {
    "x": -3674.45728,
    "y": 471.002197,
    "z": 1831.67822
  },
  "Kuh Takkar Shrine": {
    "x": -3088.6377,
    "y": 571.564148,
    "z": 1228.26428
  },
  "Sho Dantu Shrine": {
    "x": -3905.34351,
    "y": 396.014008,
    "z": 1646.75476
  },
  "Sasa Kai Shrine": {
    "x": -3564.28076,
    "y": 352.789764,
    "z": 1961.02942
  },
  "Gerudo Town": {
    "x": -3784.68994,
    "y": 149.098404,
    "z": 2864.45459
  },
  "Kara Kara Bazaar": {
    "x": -3195.9812,
    "y": 129.420532,
    "z": 2549.31421
  },
  "Dako Tah Shrine": {
    "x": -3308.77026,
    "y": 146.126785,
    "z": 2164.30713
  },
  "Daqo Chisay Shrine": {
    "x": -3810.43481,
    "y": 150.459839,
    "z": 2813.44751
  },
  "Raqa Zunzo Shrine": {
    "x": -3801.85962,
    "y": 159.313004,
    "z": 3124.05518
  },
  "Shada Naw Shrine": {
    "x": -2995.72827,
    "y": 667.766357,
    "z": -3212.85547
  },
  "Rok Uwog Shrine": {
    "x": -2368.89307,
    "y": 485.927063,
    "z": -3223.52832
  },
  "Lanno Kooh Shrine": {
    "x": -2639.85376,
    "y": 446.045166,
    "z": -2068.87109
  },
  "Hebra Tower": {
    "x": -2165.20581,
    "y": 529.202209,
    "z": -2029.5
  },
  "Gee Ha'rah Shrine": {
    "x": -2385.19067,
    "y": 278.122894,
    "z": -2262.06689
  },
  "Goma Asaagh Shrine": {
    "x": -2801.21143,
    "y": 671.031921,
    "z": -2880.021
  },
  "Dunba Taag Shrine": {
    "x": -2828.72168,
    "y": 79.8880005,
    "z": -1569.64795
  },
  "Shae Loya Shrine": {
    "x": -2929.48291,
    "y": 306.458954,
    "z": -441.133606
  },
  "Toh Yahsa Shrine": {
    "x": -2269.1001,
    "y": 216.592468,
    "z": -909.295044
  },
  "Mogg Latan Shrine": {
    "x": -2300.67114,
    "y": 439.58136,
    "z": 469.334045
  },
  "Mijah Rokee Shrine": {
    "x": -2749.91113,
    "y": 309.406494,
    "z": 220.079224
  },
  "Joloo Nah Shrine": {
    "x": -2004.0083,
    "y": 231.660202,
    "z": 1683.45776
  },
  "Wasteland Tower": {
    "x": -2314.63013,
    "y": 530.202209,
    "z": 2441.82031
  },
  "Kay Noh Shrine": {
    "x": -2801.80762,
    "y": 172.021225,
    "z": 2300.93286
  },
  "Divine Beast Vah Naboris": {
    "x": -2138.95361,
    "y": 470.653625,
    "z": 2553.20093
  },
  "Korsh O'hu Shrine": {
    "x": -2695.10181,
    "y": 105.018402,
    "z": 2817.7019
  },
  "Misae Suma Shrine": {
    "x": -2965.70239,
    "y": 137.686447,
    "z": 3773.53662
  },
  "Sha Gehma Shrine": {
    "x": -1665.69397,
    "y": 346.579926,
    "z": -3763.80054
  },
  "Rin Oyaa Shrine": {
    "x": -1712.31287,
    "y": 335.75415,
    "z": -2556.0188
  },
  "Rona Kachta Shrine": {
    "x": -1094.06738,
    "y": 22.0610676,
    "z": -2654.46631
  },
  "Maag No'rah Shrine": {
    "x": -1945.17419,
    "y": 249.894257,
    "z": -1465.7323
  },
  "Monya Toma Shrine": {
    "x": -1494.45081,
    "y": 275.235229,
    "z": -1480.12878
  },
  "Zalta Wa Shrine": {
    "x": -1435.21814,
    "y": 138.33197,
    "z": -585.474915
  },
  "Ridgeland Tower": {
    "x": -1758.37817,
    "y": 328.602234,
    "z": -782.757263
  },
  "Sheem Dagoze Shrine": {
    "x": -1885.18127,
    "y": 212.41301,
    "z": 87.183197
  },
  "Shrine of Resurrection": {
    "x": -1102.17139,
    "y": 235.490173,
    "z": 1880.03613
  },
  "Rota Ooh Shrine": {
    "x": -1554.44458,
    "y": 186.741318,
    "z": 1307.42358
  },
  "Dah Kaso Shrine": {
    "x": -1699.17712,
    "y": 68.8502426,
    "z": 1708.45374
  },
  "Keh Namut Shrine": {
    "x": -1427.53174,
    "y": 337.589966,
    "z": 1988.36963
  },
  "Jee Noh Shrine": {
    "x": -1796.75732,
    "y": 112.866081,
    "z": 2415.07715
  },
  "Suma Sahma Shrine": {
    "x": -1414.31396,
    "y": 545.413025,
    "z": 3456.63354
  },
  "Dila Maag Shrine": {
    "x": -1795.00012,
    "y": 164.197449,
    "z": 3456.19531
  },
  "Qaza Tokki Shrine": {
    "x": -829.695312,
    "y": 341.313019,
    "z": -3535.0
  },
  "Daag Chokah Shrine": {
    "x": -23.217804,
    "y": 280.354645,
    "z": -2450.00879
  },
  "Saas Ko'sah Shrine": {
    "x": -156.59024,
    "y": 144.234741,
    "z": -1159.34644
  },
  "Noya Neha Shrine": {
    "x": -960.300293,
    "y": 134.37558,
    "z": -624.940491
  },
  "Katah Chuki Shrine": {
    "x": -633.422119,
    "y": 128.879913,
    "z": -336.41394
  },
  "Kaam Ya'tak Shrine": {
    "x": -966.33374,
    "y": 127.678223,
    "z": 724.969849
  },
  "Central Tower": {
    "x": -797.596558,
    "y": 197.663208,
    "z": 442.963104
  },
  "Ja Baij Shrine": {
    "x": -455.890411,
    "y": 180.031815,
    "z": 1990.18237
  },
  "Oman Au Shrine": {
    "x": -666.042725,
    "y": 173.103912,
    "z": 1518.72461
  },
  "Great Plateau Tower": {
    "x": -568.657288,
    "y": 246.442215,
    "z": 1697.44373
  },
  "Lake Tower": {
    "x": -31.8155518,
    "y": 280.500854,
    "z": 2970.60083
  },
  "Owa Daim Shrine": {
    "x": -925.030273,
    "y": 274.181519,
    "z": 2312.03394
  },
  "Ya Naga Shrine": {
    "x": -337.242615,
    "y": 68.0352631,
    "z": 2598.72656
  },
  "Ishto Soh Shrine": {
    "x": -993.983521,
    "y": 321.228394,
    "z": 3564.86328
  },
  "Ketoh Wawai Shrine": {
    "x": 292.595001,
    "y": 285.313019,
    "z": -3119.6001
  },
  "Keo Ruug Shrine": {
    "x": 473.018433,
    "y": 250.161438,
    "z": -2159.88623
  },
  "Maag Halan Shrine": {
    "x": 833.170288,
    "y": 282.208313,
    "z": -2411.38379
  },
  "Woodland Tower": {
    "x": 883.884277,
    "y": 350.23645,
    "z": -1596.71021
  },
  "Kuhn Sidajj Shrine": {
    "x": 24.3395081,
    "y": 281.412994,
    "z": -1938.01135
  },
  "Namika Ozz Shrine": {
    "x": 752.126465,
    "y": 188.737473,
    "z": -822.10199
  },
  "Kaya Wan Shrine": {
    "x": 833.035767,
    "y": 132.890442,
    "z": 185.224274
  },
  "Hila Rao Shrine": {
    "x": 848.011047,
    "y": 116.944794,
    "z": 844.329224
  },
  "Wahgo Katta Shrine": {
    "x": 351.108521,
    "y": 123.092743,
    "z": 1013.82556
  },
  "Bosh Kala Shrine": {
    "x": 87.01651,
    "y": 122.527931,
    "z": 1649.51038
  },
  "Pumaag Nitae Shrine": {
    "x": 558.039001,
    "y": 118.050713,
    "z": 2999.26562
  },
  "Shae Katha Shrine": {
    "x": 871.776733,
    "y": 123.003876,
    "z": 2337.6228
  },
  "Ka'o Makagh Shrine": {
    "x": 520.227356,
    "y": 178.920425,
    "z": 3517.59619
  },
  "Shoqa Tatone Shrine": {
    "x": 103.180023,
    "y": 110.684875,